m,eta,tau,kappa,epsilon,mean r1,mean r2,th1,th2,th3,th4,th5,th6,th7,th8,th9,th10,th11,s
5.0,0.3,0.8,0.2,0.3,0.20102173708330173,0.6504767464694801,3.487959943669914,6.193945183213138,6.215700762380941,6.212580056622748,6.218741549253529,6.216532014221222,3.487959943669914,3.487959943669914,0.7205111154817061,3.487959943669914,3.487959943669914,1.00142065046981
