m,eta,tau,kappa,epsilon,mean r1,mean r2,th1,th2,th3,th4,th5,th6,th7,th8,th9,th10,th11,s
50.0,0.5,0.8,1.5,0.04,0.27204415678813143,0.47898634213892766,5.926402146815583,1.9206011264278544,1.9206011329925872,1.9206011313973335,1.9206011351699175,1.9206011335564739,3.940459668858587,3.940465428070077,3.9404504008474603,3.9404704340344168,3.940457111779672,1.695582220236936
