m,eta,tau,kappa,epsilon,mean r1,mean r2,th1,th2,th3,th4,th5,th6,th7,th8,th9,th10,th11,s
5.0,15.0,0.8,0.2,0.04,0.5416921945352634,0.31268208077426074,33027.44835329336,33027.672008558686,33028.06523924429,33027.912895329006,33028.28853334998,33028.11905525178,33026.45744651602,33026.856509049656,33025.77380644428,33027.08658331828,33026.25905623307,2.2486003800432184
