m,eta,tau,kappa,epsilon,mean r1,mean r2,th1,th2,th3,th4,th5,th6,th7,th8,th9,th10,th11,s
5.0,0.3,0.8,0.2,0.04,0.20286857712368436,0.5732706753544182,11955.466712889147,11956.755197744984,11956.755198117015,11956.755198049237,11956.755198185714,11956.755198135685,11953.28176653632,11953.28728851072,11953.25452866336,11953.291101082175,11953.278294686988,0.5883913463950923
