m,eta,tau,kappa,epsilon,mean r1,mean r2,th1,th2,th3,th4,th5,th6,th7,th8,th9,th10,th11,s
5.0,0.3,0.8,0.2,0.04,0.20350907951317887,0.5844642746501066,14612.886505656852,14614.325523330464,14614.325523338475,14614.325523337116,14614.325523340114,14614.325523338872,14610.585581354278,14610.586847089457,14610.579236742342,14610.587717136605,14610.584782102302,0.43566279581766837
5.0,0.3,0.8,0.21,0.04,0.21995224271589897,0.6975634492814989,17294.541873981238,17296.58543776836,17296.58543776836,17296.58543776836,17296.58543776836,17296.58543776836,17292.51658568196,17292.516789179143,17292.515560842392,17292.516928877907,17292.516457019945,0.5739659834504013
5.0,0.3,0.8,0.22,0.04,0.21479959827140382,0.7023790826770198,17319.00634013418,17321.293010979898,17321.293010979898,17321.293010979898,17321.293010979898,17321.293010979898,17317.276698152702,17317.27686272419,17317.27586924763,17317.276975696604,17317.276594099443,0.7051185542180045
