m,eta,tau,kappa,epsilon,mean r1,mean r2,th1,th2,th3,th4,th5,th6,th7,th8,th9,th10,th11,s
5.0,0.3,0.8,0.2,0.04,0.20350907951317887,0.5844642746501066,14612.886505656852,14614.325523330464,14614.325523338475,14614.325523337116,14614.325523340114,14614.325523338872,14610.585581354278,14610.586847089457,14610.579236742342,14610.587717136605,14610.584782102302,0.43566279581766837
5.0,0.3,0.8,0.19,0.04,0.23029674314678797,0.6875776141934726,17245.933904434583,17247.210507631076,17247.210507631364,17247.210507631076,17247.210507631364,17247.210507631364,17243.73989757362,17243.74029116191,17243.737915440168,17243.740561357277,17243.739648727355,0.5934111521782359
5.0,0.3,0.8,0.18,0.04,0.23546905080185507,0.6824495839393345,17221.57421682563,17222.70061067433,17222.70061067479,17222.70061067479,17222.70061067479,17222.70061067479,17219.872002433927,17219.87240366364,17219.86998107165,17219.872679077023,17219.871748731257,1.0782133641025877
