m,eta,tau,kappa,epsilon,mean r1,mean r2,th1,th2,th3,th4,th5,th6,th7,th8,th9,th10,th11,s
5.0,0.3,0.8,0.02,0.04,0.3213888651292585,0.5809151756652197,4.39024476014643,5.890115676257352,5.889984944098757,5.889972898885986,5.890256677453323,5.889657981451052,1.752496662219876,1.753989731933764,1.7499025155015104,1.754681886463807,1.7522855807809563,0.32470310514477374
