m,eta,tau,kappa,epsilon,mean r1,mean r2,th1,th2,th3,th4,th5,th6,th7,th8,th9,th10,th11,s
5.0,0.3,0.8,0.2,0.04,0.20286857712368436,0.5732706753544182,4.848258633573934,6.136743489410875,6.136743861441502,6.136743793664138,6.136743930141094,6.136743880111609,2.663312280746979,2.6688342551478144,2.636074407786438,2.67264682660236,2.659840431415361,0.5883913463950923
5.0,0.3,0.8,0.2,0.039,0.22520490193821754,0.6925048534623686,4.387109914547942,5.868839214873638,5.868839224036343,5.868839222319217,5.868839225685257,5.868839224453346,2.07522902863942,2.076492922285375,2.0688954969430924,2.0773617737930508,2.0744310029420703,0.4288048370050309
5.0,0.3,0.8,0.2,0.038,0.22527452392812444,0.6924264079845311,4.289573397848777,5.81712813954649,5.817128149775577,5.817128147906111,5.817128151653229,5.817128150270342,1.9737604757281915,1.9750204690320388,1.967448291468223,1.9758867081721618,1.9729649742387991,0.4301999293987114
5.0,0.3,0.8,0.2,0.037,0.2253261717461776,0.6924010432290609,3.478178012396107,5.40422821927708,5.404228219612229,5.404228219595858,5.404228219660432,5.404228219647699,1.33782538147792,1.3380981542230401,1.33645227691553,1.3382854328009088,1.3376529413820535,0.537001773254872
5.0,0.3,0.8,0.2,0.036,0.2253927042948012,0.6923300994307919,3.3554689145824668,5.339333568757262,5.339333569136066,5.339333569044207,5.339333569206552,5.339333569136066,1.2605193685370395,1.2607915123606617,1.2591495108179842,1.260978362283673,1.2603473287488995,0.5525394785973463
