m,eta,tau,kappa,epsilon,mean r1,mean r2,th1,th2,th3,th4,th5,th6,th7,th8,th9,th10,th11,s
5.0,0.3,0.8,0.2,0.04,0.20286857712368436,0.5732706753544182,4.848258633573934,6.136743489410875,6.136743861441502,6.136743793664138,6.136743930141094,6.136743880111609,2.663312280746979,2.6688342551478144,2.636074407786438,2.67264682660236,2.659840431415361,0.5883913463950923
5.0,0.31,0.8,0.2,0.04,0.21826078344275843,0.6989880404795792,0.7120747590271961,2.544948055932032,2.5449269430093366,2.5448703812982743,2.544891697256567,2.54488599745509,5.798570294995869,5.79928497939315,5.795265145542061,5.799729744292989,5.798227021926749,0.48335710850113045
