m,eta,tau,kappa,epsilon,mean r1,mean r2,th1,th2,th3,th4,th5,th6,th7,th8,th9,th10,th11,s
5.0,0.3,0.8,0.2,0.04,0.20286857712368436,0.5732706753544182,4.848258633573934,6.136743489410875,6.136743861441502,6.136743793664138,6.136743930141094,6.136743880111609,2.663312280746979,2.6688342551478144,2.636074407786438,2.67264682660236,2.659840431415361,0.5883913463950923
5.0,0.3,0.8,0.19,0.04,0.23028115478472053,0.6875713871295387,5.20121544269562,0.10337267670016104,0.10336722252637287,0.103383597943008,0.10334284314845377,0.10338830666538001,3.202868031048574,3.2047257307939887,3.1954134298743426,3.2060145433496743,3.202497931466887,0.9090346514596129
5.0,0.3,0.8,0.18,0.04,0.2354829067469376,0.6824278187690673,5.919327957058179,0.7712755478808049,0.7712683086845118,0.7712900433809864,0.7712359505633231,0.7712962931857419,4.401361132176611,4.402976775629689,4.394871798561347,4.40409730452577,4.401039184301702,0.903285208416984
5.0,0.3,0.8,0.17,0.04,0.24075528491613582,0.6771126728081025,0.26312745600839094,1.6554370508304999,1.6554243626186178,1.655462457228026,1.6553676484994355,1.655473411335464,5.359936964644582,5.361082117178391,5.355340126534536,5.361876497535938,5.35970880365732,0.3817190126538892
