m,eta,tau,kappa,epsilon,mean r1,mean r2,th1,th2,th3,th4,th5,th6,th7,th8,th9,th10,th11,s
5.0,0.3,0.8,0.2,0.04,0.20286857712368436,0.5732706753544182,4.848258633573934,6.136743489410875,6.136743861441502,6.136743793664138,6.136743930141094,6.136743880111609,2.663312280746979,2.6688342551478144,2.636074407786438,2.67264682660236,2.659840431415361,0.5883913463950923
5.0,0.3,0.8,0.2,0.041,0.22506403809361272,0.6926661370162371,4.570412600696578,5.969970439318182,5.969960493445647,5.969958970578624,5.969972166897456,5.969982078642566,2.287176190791193,2.2883602605105224,2.280937137865145,2.289263109057025,2.2864114387351364,0.45236265083942534
5.0,0.3,0.8,0.2,0.042,0.22499260887657463,0.692747684547565,4.6566810019911244,6.020083250877029,6.0200743185376595,6.020072950868631,6.020084802396774,6.020093704128918,2.397443811476329,2.3986239069552866,2.3912238682363167,2.3995236509666356,2.3966815675188045,0.4801619038323244
5.0,0.3,0.8,0.2,0.043,0.22492257744199992,0.6928456864015635,4.54210841922562,5.955213156051592,5.95521561570407,5.955213027338537,5.9552384576912445,5.955221339412979,2.2548401732932106,2.2548579723150723,2.253342439520871,2.2554580032200064,2.2546753830896122,0.4465402052566177
5.0,0.3,0.8,0.2,0.044,0.224851637439959,0.6929269375078337,4.62844588531501,6.004842554340335,6.0048447617976635,6.0048424387999475,6.004865262016516,6.004849898718781,2.3630881074407952,2.3631058698527667,2.3615933613781053,2.3637046525430705,2.3629236547925174,0.47066159698726795
