m,eta,tau,kappa,epsilon,mean r1,mean r2,th1,th2,th3,th4,th5,th6,th7,th8,th9,th10,th11,s
5.0,0.3,0.8,0.2,0.04,0.20286857712368436,0.5732706753544182,4.848258633573934,6.136743489410875,6.136743861441502,6.136743793664138,6.136743930141094,6.136743880111609,2.663312280746979,2.6688342551478144,2.636074407786438,2.67264682660236,2.659840431415361,0.5883913463950923
5.0,0.29,0.8,0.2,0.04,0.23217989559205346,0.6859850640817376,0.2770950149317315,1.68073057422653,1.6807232771549963,1.680745185537674,1.6806906604721945,1.6807514852950618,5.353567534399168,5.354510860951429,5.34977782900021,5.355165062343964,5.3533795496855205,0.3900004703923641
5.0,0.28,0.8,0.2,0.04,0.23936157827460375,0.6790258441205971,1.9343431401419764,4.395369003574018,4.395360843240127,4.395385343238871,4.3953243669105575,4.395392388104796,0.45917915137474097,0.45993318618442913,0.4561531935140408,0.4604563060359794,0.4590289277010413,0.8960894544216496
5.0,0.27,0.8,0.2,0.04,0.24682391709872775,0.6715051467120093,3.896676143484896,5.627554204255816,5.627549556660128,5.627563510313379,5.627528781879832,5.627567522576541,1.5711618585846594,1.5723623274043206,1.5663468074476299,1.5731953108033707,1.5709227228185085,0.45596633332918113
