m,eta,tau,kappa,epsilon,mean r1,mean r2,th1,th2,th3,th4,th5,th6,th7,th8,th9,th10,th11,s
5.0,0.3,0.8,0.2,0.04,0.20286857712368436,0.5732706753544182,4.848258633573934,6.136743489410875,6.136743861441502,6.136743793664138,6.136743930141094,6.136743880111609,2.663312280746979,2.6688342551478144,2.636074407786438,2.67264682660236,2.659840431415361,0.5883913463950923
5.0,0.3,0.79,0.2,0.04,0.22499423697680132,0.6927609718645651,4.523285603195596,5.9426722783767545,5.942667694619864,5.942681456585284,5.94264720606801,5.942685413810828,2.2293377327472044,2.2308526682498595,2.2232620766816,2.231903889135843,2.2290359621832394,0.4404288593940264
5.0,0.3,0.78,0.2,0.04,0.22484911225053594,0.6929420729621608,4.56711415477897,5.966660484703731,5.96665613524177,5.966669193840822,5.966636693638371,5.966672948797019,2.282328121003353,2.283872986330003,2.2761300932578123,2.284944840223339,2.282020360860166,0.4483342130920106
5.0,0.3,0.77,0.2,0.04,0.2246995179898477,0.6931285121034655,4.611434909343039,5.991323240063899,5.9913191156186585,5.991331498614123,5.991300679676748,5.991335059329991,2.337689965319747,2.339265791806916,2.331365213295463,2.3403589822358626,2.337376007680483,0.4597949795565497
