m,eta,tau,kappa,epsilon,mean r1,mean r2,th1,th2,th3,th4,th5,th6,th7,th8,th9,th10,th11,s
5.0,0.3,0.8,0.2,0.04,0.20286857712368436,0.5732706753544182,4.848258633573934,6.136743489410875,6.136743861441502,6.136743793664138,6.136743930141094,6.136743880111609,2.663312280746979,2.6688342551478144,2.636074407786438,2.67264682660236,2.659840431415361,0.5883913463950923
5.0,0.29,0.8,0.2,0.04,0.23217973573872402,0.6859851919185379,0.27739590742494613,1.68131320737821,1.6812981381724086,1.68125776681309,1.6812729813929792,1.6812689130612881,5.3540844237081515,5.354929628932929,5.350171686461614,5.355455467748904,5.353678351864325,0.3898583426383882
